Model,Accuracy,Macro F1,Weighted F1
XGBoost,0.8977993286087281,0.8823003915894139,0.8988327678090015
LightGBM,0.896680343155539,0.8804611980937246,0.8974849213354158
Logistic Regression,0.8668407310704961,0.8513641359312935,0.869887905357725
Random Forest,0.8381201044386423,0.8269535835366415,0.8487663519990362
