,Precision,Recall,F1-Score
commercial unit,0.9703703703703703,0.903448275862069,0.9357142857142857
flat,0.96051227321238,0.9278350515463918,0.9438909281594127
houseorplot,0.8849449204406364,0.9014962593516209,0.8931439159975293
landparcel,0.8212927756653993,0.8307692307692308,0.8260038240917782
others,0.7766497461928934,0.8523676880222841,0.8127490039840638
